{
    "0": {
        "[1. 0. 0. 0. 0. 0. 0. 0. 0.]": 0.20579203022919387,
        "[0. 1. 0. 0. 0. 0. 0. 0. 0.]": 0.1698605294984226,
        "[0. 0. 1. 0. 0. 0. 0. 0. 0.]": 0.25255064189392123,
        "[0. 0. 0. 1. 0. 0. 0. 0. 0.]": 0.182085386956786,
        "[0. 0. 0. 0. 1. 0. 0. 0. 0.]": 0.39372238425912714,
        "[0. 0. 0. 0. 0. 1. 0. 0. 0.]": 0.2498259709822028,
        "[0. 0. 0. 0. 0. 0. 1. 0. 0.]": 0.24366662222890453,
        "[0. 0. 0. 0. 0. 0. 0. 1. 0.]": 0.2310465847130305,
        "[0. 0. 0. 0. 0. 0. 0. 0. 1.]": 0.19619190263468553
    },
    "1": {
        "[-1.  0.  0.  0.  1.  0.  0.  0.  0.]": 0.1661893592983386,
        "[ 0. -1.  0.  0.  1.  0.  0.  0.  0.]": 0.12451559229462882,
        "[ 0.  0. -1.  0.  1.  0.  0.  0.  0.]": 0.12961985697021466,
        "[ 0.  0.  0. -1.  1.  0.  0.  0.  0.]": 0.16987156538053813,
        "4": -10,
        "[ 0.  0.  0.  0.  1. -1.  0.  0.  0.]": 0.12194559497512707,
        "[ 0.  0.  0.  0.  1.  0. -1.  0.  0.]": 0.18804776060535877,
        "[ 0.  0.  0.  0.  1.  0.  0. -1.  0.]": 0.10877083364151417,
        "[ 0.  0.  0.  0.  1.  0.  0.  0. -1.]": 0.1832461594203243
    },
    "2": {
        "[ 1.  0.  0.  0.  1.  0. -1.  0.  0.]": 0.40722115717816204,
        "[ 0.  1.  0.  0.  1.  0. -1.  0.  0.]": 0.2889713982924125,
        "[ 0.  0.  1.  0.  1.  0. -1.  0.  0.]": 0.18314912204404213,
        "[ 0.  0.  0.  1.  1.  0. -1.  0.  0.]": 0.23792422008696348,
        "4": -10,
        "[ 0.  0.  0.  0.  1.  1. -1.  0.  0.]": 0.26229656311176197,
        "6": -10,
        "[ 0.  0.  0.  0.  1.  0. -1.  1.  0.]": 0.19546700392756516,
        "[ 0.  0.  0.  0.  1.  0. -1.  0.  1.]": 0.2510879459497588
    },
    "3": {
        "0": -10,
        "[ 1. -1.  0.  0.  1.  0. -1.  0.  0.]": 0.006025766122594962,
        "[ 1.  0. -1.  0.  1.  0. -1.  0.  0.]": 0.055175904321202375,
        "[ 1.  0.  0. -1.  1.  0. -1.  0.  0.]": 0.01839253522166211,
        "4": -10,
        "[ 1.  0.  0.  0.  1. -1. -1.  0.  0.]": 0.08480944019982406,
        "6": -10,
        "[ 1.  0.  0.  0.  1.  0. -1. -1.  0.]": 0.0734934415439907,
        "[ 1.  0.  0.  0.  1.  0. -1.  0. -1.]": 0.2274450103234636
    },
    "4": {
        "0": -10,
        "[ 1.  1.  0.  0.  1.  0. -1.  0. -1.]": 0.013101844143529745,
        "[ 1.  0.  1.  0.  1.  0. -1.  0. -1.]": 0.25596299442383086,
        "[ 1.  0.  0.  1.  1.  0. -1.  0. -1.]": 0.0548642455307119,
        "4": -10,
        "[ 1.  0.  0.  0.  1.  1. -1.  0. -1.]": 0.21171211151268804,
        "6": -10,
        "[ 1.  0.  0.  0.  1.  0. -1.  1. -1.]": 0.3374734114625205,
        "8": -10
    },
    "5": {
        "0": -10,
        "[ 1. -1.  0.  0.  1.  0. -1.  1. -1.]": 0.24503735933665877,
        "[ 1.  0. -1.  0.  1.  0. -1.  1. -1.]": 0.0024347029795431384,
        "[ 1.  0.  0. -1.  1.  0. -1.  1. -1.]": 0.0038751851354924824,
        "4": -10,
        "[ 1.  0.  0.  0.  1. -1. -1.  1. -1.]": 0.0045430609180214425,
        "6": -10,
        "7": -10,
        "8": -10
    },
    "6": {
        "0": -10,
        "1": -10,
        "[ 1. -1.  1.  0.  1.  0. -1.  1. -1.]": 0.08099999999999996,
        "[ 1. -1.  0.  1.  1.  0. -1.  1. -1.]": 0.39619679619152837,
        "4": -10,
        "[ 1. -1.  0.  0.  1.  1. -1.  1. -1.]": 0.08204527027610296,
        "6": -10,
        "7": -10,
        "8": -10
    },
    "7": {
        "0": -10,
        "1": -10,
        "[ 1. -1. -1.  1.  1.  0. -1.  1. -1.]": 0.0,
        "3": -10,
        "4": -10,
        "[ 1. -1.  0.  1.  1. -1. -1.  1. -1.]": 0.4499999999999999,
        "6": -10,
        "7": -10,
        "8": -10
    },
    "8": {
        "0": -10,
        "1": -10,
        "[ 1. -1.  1.  1.  1. -1. -1.  1. -1.]": 0.08999999999999998,
        "3": -10,
        "4": -10,
        "5": -10,
        "6": -10,
        "7": -10,
        "8": -10
    },
    "9": {
        "0": -10,
        "1": -10,
        "2": -10,
        "3": -10,
        "4": -10,
        "5": -10,
        "6": -10,
        "7": -10,
        "8": -10
    }
}